"","denovo387","denovo151"
"denovo387",0,0.00371747211895911
"denovo151",0.00371747211895911,0
