"","denovo975","denovo386","denovo236","denovo836"
"denovo975",0,0.00694444444444444,0.0138888888888889,0.00347222222222222
"denovo386",0.00694444444444444,0,0.00671140939597315,0.00335570469798658
"denovo236",0.0138888888888889,0.00671140939597315,0,0.0100671140939597
"denovo836",0.00347222222222222,0.00335570469798658,0.0100671140939597,0
