"fpressure","visibility_m_mean","ysi_temp_mean_1m_mean","ysi_salinity_mean_1m_mean","ysi_DO_mean_1m_mean","ysi_pH_mean_1m_mean","npp_mean_sat_mean","npp_max_sat_mean","wave_mean_sat_mean","visibility_m_sd","ysi_temp_mean_1m_sd","ysi_salinity_mean_1m_sd","ysi_DO_mean_1m_sd","ysi_pH_mean_1m_sd","npp_mean_sat_sd","npp_max_sat_sd","wave_mean_sat_sd"
"High",16,NA,NA,NA,NA,906.62511118,1084.4558164,15.2420926296,1.13137084989848,NA,NA,NA,NA,24.1506281396403,67.6437774788024,13.8565678440739
"Low",13.325,NA,NA,NA,NA,879.0607622,1013.7981683,25.54820061,4.20347078813053,NA,NA,NA,NA,10.8747289268688,23.2865534662221,0.204521366639064
"Medium",15.1007272727273,28.9916666675,35.70111111,93.9916666675,7.996666667,960.39273395,1061.00951243333,20.6928637875,5.64028561494733,0.134370963091816,1.00369502618888,9.47587091436181,0.0535412613473633,9.24558090015488,35.9649378264003,9.63577373205494
"Very high",12.7465454545455,29.033333334,35.916,90.459999998,8.0273333334,902.139161,1113.726658,11.3615984261818,2.38230696442068,0.154560309516311,0.910806724966633,3.40093124658037,0.0476911357929563,15.6519991723893,23.2384416080033,13.0128333692742
"Very low",26.416,29.1666666666667,34.966666665,93.2222222333333,8.02666666666667,873.124893875,1014.378003525,13.0070595615,7.03905448195992,0.30550504633039,0.0235702236825274,8.39380284744953,0.0560753463852188,17.7371346877808,17.3921198343011,13.5331230900487
