"","denovo387","denovo151","denovo678","denovo897"
"denovo387",0,0.00371747211895911,0.0446096654275093,0.0483271375464684
"denovo151",0.00371747211895911,0,0.0408921933085502,0.0446096654275093
"denovo678",0.0446096654275093,0.0408921933085502,0,0.00367647058823529
"denovo897",0.0483271375464684,0.0446096654275093,0.00367647058823529,0
