"","denovo881","denovo975","denovo386","denovo781","denovo236","denovo153","denovo836","denovo336"
"denovo881",0,0.0104166666666667,0.00335570469798658,0.00694444444444444,0.0100671140939597,0.0100671140939597,0.00671140939597315,0.0100671140939597
"denovo975",0.0104166666666667,0,0.00694444444444444,0.00347222222222222,0.0138888888888889,0.00694444444444444,0.00347222222222222,0.00694444444444444
"denovo386",0.00335570469798658,0.00694444444444444,0,0.00347222222222222,0.00671140939597315,0.00671140939597315,0.00335570469798658,0.00671140939597315
"denovo781",0.00694444444444444,0.00347222222222222,0.00347222222222222,0,0.0104166666666667,0.00347222222222222,0,0.00347222222222222
"denovo236",0.0100671140939597,0.0138888888888889,0.00671140939597315,0.0104166666666667,0,0.0134228187919463,0.0100671140939597,0.0134228187919463
"denovo153",0.0100671140939597,0.00694444444444444,0.00671140939597315,0.00347222222222222,0.0134228187919463,0,0.00335570469798658,0.00671140939597315
"denovo836",0.00671140939597315,0.00347222222222222,0.00335570469798658,0,0.0100671140939597,0.00335570469798658,0,0.00335570469798658
"denovo336",0.0100671140939597,0.00694444444444444,0.00671140939597315,0.00347222222222222,0.0134228187919463,0.00671140939597315,0.00335570469798658,0
