"","denovo279","denovo992","denovo633"
"denovo279",0,0.0222929936305733,0.00318471337579618
"denovo992",0.0222929936305733,0,0.0254777070063694
"denovo633",0.00318471337579618,0.0254777070063694,0
